file,class,bbox
0001.jpg,bird,0001.xml
0002.jpg,bird,0002.xml
0003.jpg,bird,0003.xml
0004.jpg,bird,0004.xml
0005.jpg,bird,0005.xml
0006.jpg,bird,0006.xml
0007.jpg,bird,0007.xml
0008.jpg,bird,0008.xml
0009.jpg,bird,0009.xml
0010.jpg,bird,0010.xml
0011.jpg,bird,0011.xml
0012.jpg,bird,0012.xml
0013.jpg,bird,0013.xml
0014.jpg,bird,0014.xml
0015.jpg,bird,0015.xml
0016.jpg,bird,0016.xml
0017.jpg,bird,0017.xml
0018.jpg,bird,0018.xml
0019.jpg,bird,0019.xml
0020.jpg,bird,0020.xml
0021.jpg,bird,0021.xml
0022.jpg,bird,0022.xml
0023.jpg,bird,0023.xml
0024.jpg,bird,0024.xml
0025.jpg,bird,0025.xml
0026.jpg,bird,0026.xml
0027.jpg,bird,0027.xml
0028.jpg,bird,0028.xml
0029.jpg,bird,0029.xml
0031.jpg,bird,0031.xml
0032.jpg,bird,0032.xml
0033.jpg,bird,0033.xml
0034.jpg,bird,0034.xml
0035.jpg,bird,0035.xml
0036.jpg,bird,0036.xml
0037.jpg,bird,0037.xml
0038.jpg,bird,0038.xml
0039.jpg,bird,0039.xml
0040.jpg,bird,0040.xml
0041.jpg,bird,0041.xml
0042.jpg,bird,0042.xml
0043.jpg,bird,0043.xml
0044.jpg,bird,0044.xml
0045.jpg,bird,0045.xml
0046.jpg,bird,0046.xml
0047.jpg,bird,0047.xml
0048.jpg,bird,0048.xml
0049.jpg,bird,0049.xml
0050.jpg,bird,0050.xml
0051.jpg,bird,0051.xml
0052.jpg,bird,0052.xml
0053.jpg,bird,0053.xml
0054.jpg,bird,0054.xml
0055.jpg,bird,0055.xml
0056.jpg,bird,0056.xml
0057.jpg,bird,0057.xml
0058.jpg,bird,0058.xml
0059.jpg,bird,0059.xml
0060.jpg,bird,0060.xml
0061.jpg,bird,0061.xml
0062.jpg,bird,0062.xml
0063.jpg,bird,0063.xml
0064.jpg,bird,0064.xml
0065.jpg,bird,0065.xml
0066.jpg,bird,0066.xml
0067.jpg,bird,0067.xml
0068.jpg,bird,0068.xml
0069.jpg,bird,0069.xml
0070.jpg,bird,0070.xml
0071.jpg,bird,0071.xml
0072.jpg,bird,0072.xml
0073.jpg,bird,0073.xml
0074.jpg,bird,0074.xml
0075.jpg,bird,0075.xml
0076.jpg,bird,0076.xml
0077.jpg,bird,0077.xml
0078.jpg,bird,0078.xml
0079.jpg,bird,0079.xml
0080.jpg,bird,0080.xml
0081.jpg,bird,0081.xml
0082.jpg,bird,0082.xml
0083.jpg,bird,0083.xml
0084.jpg,bird,0084.xml
0085.jpg,bird,0085.xml
0086.jpg,bird,0086.xml
0087.jpg,bird,0087.xml
0088.jpg,bird,0088.xml
0089.jpg,bird,0089.xml
0090.jpg,bird,0090.xml
0091.jpg,bird,0091.xml
0092.jpg,bird,0092.xml
0093.jpg,bird,0093.xml
0094.jpg,bird,0094.xml
0095.jpg,bird,0095.xml
0096.jpg,bird,0096.xml
0097.jpg,bird,0097.xml
0098.jpg,bird,0098.xml
0099.jpg,bird,0099.xml
0100.jpg,bird,0100.xml
0101.jpg,bird,0101.xml
0102.jpg,bird,0102.xml
0103.jpg,bird,0103.xml
0104.jpg,bird,0104.xml
0105.jpg,bird,0105.xml
0106.jpg,bird,0106.xml
0107.jpg,bird,0107.xml
0108.jpg,bird,0108.xml
0109.jpg,bird,0109.xml
0110.jpg,bird,0110.xml
0111.jpg,bird,0111.xml
0112.jpg,bird,0112.xml
0113.jpg,bird,0113.xml
0114.jpg,bird,0114.xml
0115.jpg,bird,0115.xml
0116.jpg,bird,0116.xml
0117.jpg,bird,0117.xml
0118.jpg,bird,0118.xml
0119.jpg,bird,0119.xml
0120.jpg,bird,0120.xml
0121.jpg,bird,0121.xml
0122.jpg,bird,0122.xml
0123.jpg,bird,0123.xml
0124.jpg,bird,0124.xml
0125.jpg,bird,0125.xml
0126.jpg,bird,0126.xml
0127.jpg,bird,0127.xml
0128.jpg,bird,0128.xml
0129.jpg,bird,0129.xml
0130.jpg,bird,0130.xml
0131.jpg,bird,0131.xml
0132.jpg,bird,0132.xml
0133.jpg,bird,0133.xml
0134.jpg,bird,0134.xml
0135.jpg,bird,0135.xml
0136.jpg,bird,0136.xml
0137.jpg,bird,0137.xml
0138.jpg,bird,0138.xml
0139.jpg,bird,0139.xml
0140.jpg,bird,0140.xml
0141.jpg,bird,0141.xml
0142.jpg,bird,0142.xml
0143.jpg,bird,0143.xml
0144.jpg,bird,0144.xml
0145.jpg,bird,0145.xml
0146.jpg,bird,0146.xml
0147.jpg,bird,0147.xml
0148.jpg,bird,0148.xml
0149.jpg,bird,0149.xml
0150.jpg,bird,0150.xml
0151.jpg,bird,0151.xml
0152.jpg,bird,0152.xml
0153.jpg,bird,0153.xml
0154.jpg,bird,0154.xml
0155.jpg,bird,0155.xml
0156.jpg,bird,0156.xml
0157.jpg,bird,0157.xml
0158.jpg,bird,0158.xml
0159.jpg,bird,0159.xml
0160.jpg,bird,0160.xml
0161.jpg,bird,0161.xml
0162.jpg,bird,0162.xml
0163.jpg,bird,0163.xml
0164.jpg,bird,0164.xml
0165.jpg,bird,0165.xml
0166.jpg,bird,0166.xml
0167.jpg,bird,0167.xml
0168.jpg,bird,0168.xml
0169.jpg,bird,0169.xml
0170.jpg,bird,0170.xml
0171.jpg,bird,0171.xml
0172.jpg,bird,0172.xml
0173.jpg,bird,0173.xml
0174.jpg,bird,0174.xml
0175.jpg,bird,0175.xml
0176.jpg,bird,0176.xml
0177.jpg,bird,0177.xml
0178.jpg,bird,0178.xml
0179.jpg,bird,0179.xml
0180.jpg,bird,0180.xml
0181.jpg,bird,0181.xml
0182.jpg,bird,0182.xml
0183.jpg,bird,0183.xml
0184.jpg,bird,0184.xml
0185.jpg,bird,0185.xml
0186.jpg,bird,0186.xml
0187.jpg,bird,0187.xml
0188.jpg,bird,0188.xml
0189.jpg,bird,0189.xml
0190.jpg,bird,0190.xml
0191.jpg,bird,0191.xml
0192.jpg,bird,0192.xml
0193.jpg,bird,0193.xml
0194.jpg,bird,0194.xml
0195.jpg,bird,0195.xml
0196.jpg,bird,0196.xml
0197.jpg,bird,0197.xml
0198.jpg,bird,0198.xml
0199.jpg,bird,0199.xml
0200.jpg,bird,0200.xml
0201.jpg,bird,0201.xml
0202.jpg,bird,0202.xml
0203.jpg,bird,0203.xml
0204.jpg,bird,0204.xml
0205.jpg,bird,0205.xml
0206.jpg,bird,0206.xml
0207.jpg,bird,0207.xml
0208.jpg,bird,0208.xml
0209.jpg,bird,0209.xml
0210.jpg,bird,0210.xml
0211.jpg,bird,0211.xml
0212.jpg,bird,0212.xml
0213.jpg,bird,0213.xml
0214.jpg,bird,0214.xml
0215.jpg,bird,0215.xml
0216.jpg,bird,0216.xml
0217.jpg,bird,0217.xml
0218.jpg,bird,0218.xml
0219.jpg,bird,0219.xml
0220.jpg,bird,0220.xml
0221.jpg,bird,0221.xml
0222.jpg,bird,0222.xml
0223.jpg,bird,0223.xml
0224.jpg,bird,0224.xml
0225.jpg,bird,0225.xml
0226.jpg,bird,0226.xml
0227.jpg,bird,0227.xml
0228.jpg,bird,0228.xml
0229.jpg,bird,0229.xml
0230.jpg,bird,0230.xml
0231.jpg,bird,0231.xml
0232.jpg,bird,0232.xml
0233.jpg,bird,0233.xml
0234.jpg,bird,0234.xml
0235.jpg,bird,0235.xml
0236.jpg,bird,0236.xml
0237.jpg,bird,0237.xml
0238.jpg,bird,0238.xml
0239.jpg,bird,0239.xml
0240.jpg,bird,0240.xml
0241.jpg,bird,0241.xml
0242.jpg,bird,0242.xml
0243.jpg,bird,0243.xml
0244.jpg,bird,0244.xml
0245.jpg,bird,0245.xml
0246.jpg,bird,0246.xml
0247.jpg,bird,0247.xml
0248.jpg,bird,0248.xml
0249.jpg,bird,0249.xml
0250.jpg,bird,0250.xml
0251.jpg,bird,0251.xml
0252.jpg,bird,0252.xml
0253.jpg,bird,0253.xml
0254.jpg,bird,0254.xml
0255.jpg,bird,0255.xml
0256.jpg,bird,0256.xml
0257.jpg,bird,0257.xml
0258.jpg,bird,0258.xml
0259.jpg,bird,0259.xml
0260.jpg,bird,0260.xml
0261.jpg,bird,0261.xml
0262.jpg,bird,0262.xml
0263.jpg,bird,0263.xml
0264.jpg,bird,0264.xml
0265.jpg,bird,0265.xml
0266.jpg,bird,0266.xml
0267.jpg,bird,0267.xml
0268.jpg,bird,0268.xml
0269.jpg,bird,0269.xml
0270.jpg,bird,0270.xml
0271.jpg,bird,0271.xml
0272.jpg,bird,0272.xml
0273.jpg,bird,0273.xml
0274.jpg,bird,0274.xml
0275.jpg,bird,0275.xml
0276.jpg,bird,0276.xml
0277.jpg,bird,0277.xml
0278.jpg,bird,0278.xml
0279.jpg,bird,0279.xml
0280.jpg,bird,0280.xml
0281.jpg,bird,0281.xml
0282.jpg,bird,0282.xml
0283.jpg,bird,0283.xml
0284.jpg,bird,0284.xml
0285.jpg,bird,0285.xml
0286.jpg,bird,0286.xml
0287.jpg,bird,0287.xml
0288.jpg,bird,0288.xml
0289.jpg,bird,0289.xml
0290.jpg,bird,0290.xml
0291.jpg,bird,0291.xml
0292.jpg,bird,0292.xml
0293.jpg,bird,0293.xml
0294.jpg,bird,0294.xml
0295.jpg,bird,0295.xml
0296.jpg,bird,0296.xml
0297.jpg,bird,0297.xml
0298.jpg,bird,0298.xml
0299.jpg,bird,0299.xml
0300.jpg,bird,0300.xml
0301.jpg,bird,0301.xml
0302.jpg,bird,0302.xml
0303.jpg,bird,0303.xml
0304.jpg,bird,0304.xml
0305.jpg,bird,0305.xml
0306.jpg,bird,0306.xml
0307.jpg,bird,0307.xml
0308.jpg,bird,0308.xml
0309.jpg,bird,0309.xml
0310.jpg,bird,0310.xml
0311.jpg,bird,0311.xml
0312.jpg,bird,0312.xml
0313.jpg,bird,0313.xml
0314.jpg,bird,0314.xml
0315.jpg,bird,0315.xml
0316.jpg,bird,0316.xml
0317.jpg,bird,0317.xml
0318.jpg,bird,0318.xml
0319.jpg,bird,0319.xml
0320.jpg,bird,0320.xml
0321.jpg,bird,0321.xml
0322.jpg,bird,0322.xml
0323.jpg,bird,0323.xml
0324.jpg,bird,0324.xml
0325.jpg,bird,0325.xml
0326.jpg,bird,0326.xml
0327.jpg,bird,0327.xml
0328.jpg,bird,0328.xml
0329.jpg,bird,0329.xml
0330.jpg,bird,0330.xml
0331.jpg,bird,0331.xml
0332.jpg,bird,0332.xml
0334.jpg,bird,0334.xml
0335.jpg,bird,0335.xml
0336.jpg,bird,0336.xml
0337.jpg,bird,0337.xml
0338.jpg,bird,0338.xml
0339.jpg,bird,0339.xml
0340.jpg,bird,0340.xml
0341.jpg,bird,0341.xml
0342.jpg,bird,0342.xml
0343.jpg,bird,0343.xml
0344.jpg,bird,0344.xml
0345.jpg,bird,0345.xml
0346.jpg,bird,0346.xml
0347.jpg,bird,0347.xml
0348.jpg,bird,0348.xml
0349.jpg,bird,0349.xml
0350.jpg,bird,0350.xml
0351.jpg,bird,0351.xml
0353.jpg,bird,0353.xml
0354.jpg,bird,0354.xml
0355.jpg,bird,0355.xml
0356.jpg,bird,0356.xml
0358.jpg,bird,0358.xml
0359.jpg,bird,0359.xml
0360.jpg,bird,0360.xml
0361.jpg,bird,0361.xml
0362.jpg,bird,0362.xml
0363.jpg,bird,0363.xml
0364.jpg,bird,0364.xml
0365.jpg,bird,0365.xml
0366.jpg,bird,0366.xml
0367.jpg,bird,0367.xml
0368.jpg,bird,0368.xml
0369.jpg,bird,0369.xml
0370.jpg,bird,0370.xml
0371.jpg,bird,0371.xml
0372.jpg,bird,0372.xml
0373.jpg,bird,0373.xml
0374.jpg,bird,0374.xml
0375.jpg,bird,0375.xml
0376.jpg,bird,0376.xml
0377.jpg,bird,0377.xml
0378.jpg,bird,0378.xml
0379.jpg,bird,0379.xml
0380.jpg,bird,0380.xml
0381.jpg,bird,0381.xml
0382.jpg,bird,0382.xml
0383.jpg,bird,0383.xml
0384.jpg,bird,0384.xml
0385.jpg,bird,0385.xml
0386.jpg,bird,0386.xml
0387.jpg,bird,0387.xml
0388.jpg,bird,0388.xml
0389.jpg,bird,0389.xml
0390.jpg,bird,0390.xml
0391.jpg,bird,0391.xml
0392.jpg,bird,0392.xml
0393.jpg,bird,0393.xml
0394.jpg,bird,0394.xml
0395.jpg,bird,0395.xml
0396.jpg,bird,0396.xml
0397.jpg,bird,0397.xml
0398.jpg,bird,0398.xml
0399.jpg,bird,0399.xml
0401.jpg,bird,0401.xml
0402.jpg,bird,0402.xml
0403.jpg,bird,0403.xml
0404.jpg,bird,0404.xml
0405.jpg,bird,0405.xml
0406.jpg,bird,0406.xml
0407.jpg,bird,0407.xml
0408.jpg,bird,0408.xml
0409.jpg,bird,0409.xml
0410.jpg,bird,0410.xml
0411.jpg,bird,0411.xml
0412.jpg,bird,0412.xml
0413.jpg,bird,0413.xml
0414.jpg,bird,0414.xml
0415.jpg,bird,0415.xml
0416.jpg,bird,0416.xml
0417.jpg,bird,0417.xml
0418.jpg,bird,0418.xml
0419.jpg,bird,0419.xml
0420.jpg,bird,0420.xml
0421.jpg,bird,0421.xml
0422.jpg,bird,0422.xml
0423.jpg,bird,0423.xml
0424.jpg,bird,0424.xml
0425.jpg,bird,0425.xml
0426.jpg,bird,0426.xml
0427.jpg,bird,0427.xml
0428.jpg,bird,0428.xml
0429.jpg,bird,0429.xml
0430.jpg,bird,0430.xml
0431.jpg,bird,0431.xml
0432.jpg,bird,0432.xml
0433.jpg,bird,0433.xml
0434.jpg,bird,0434.xml
0435.jpg,bird,0435.xml
0436.jpg,bird,0436.xml
0437.jpg,bird,0437.xml
0438.jpg,bird,0438.xml
0439.jpg,bird,0439.xml
0440.jpg,bird,0440.xml
0441.jpg,bird,0441.xml
0442.jpg,bird,0442.xml
0443.jpg,bird,0443.xml
0444.jpg,bird,0444.xml
0445.jpg,bird,0445.xml
0446.jpg,bird,0446.xml
0447.jpg,bird,0447.xml
0448.jpg,bird,0448.xml
0449.jpg,bird,0449.xml
0450.jpg,bird,0450.xml
0451.jpg,bird,0451.xml
0452.jpg,bird,0452.xml
0453.jpg,bird,0453.xml
0454.jpg,bird,0454.xml
0455.jpg,bird,0455.xml
0456.jpg,bird,0456.xml
0457.jpg,bird,0457.xml
0458.jpg,bird,0458.xml
0459.jpg,bird,0459.xml
0460.jpg,bird,0460.xml
0461.jpg,bird,0461.xml
0462.jpg,bird,0462.xml
0463.jpg,bird,0463.xml
0464.jpg,bird,0464.xml
0465.jpg,bird,0465.xml
0466.jpg,bird,0466.xml
0467.jpg,bird,0467.xml
0468.jpg,bird,0468.xml
0469.jpg,bird,0469.xml
0470.jpg,bird,0470.xml
0471.jpg,bird,0471.xml
0472.jpg,bird,0472.xml
0473.jpg,bird,0473.xml
0474.jpg,bird,0474.xml
0475.jpg,bird,0475.xml
0476.jpg,bird,0476.xml
0477.jpg,bird,0477.xml
0478.jpg,bird,0478.xml
0479.jpg,bird,0479.xml
0480.jpg,bird,0480.xml
0481.jpg,bird,0481.xml
0482.jpg,bird,0482.xml
0483.jpg,bird,0483.xml
0484.jpg,bird,0484.xml
0485.jpg,bird,0485.xml
0486.jpg,bird,0486.xml
0487.jpg,bird,0487.xml
0488.jpg,bird,0488.xml
0489.jpg,bird,0489.xml
0490.jpg,bird,0490.xml
0491.jpg,bird,0491.xml
0492.jpg,bird,0492.xml
0493.jpg,bird,0493.xml
0494.jpg,bird,0494.xml
0495.jpg,bird,0495.xml
0496.jpg,bird,0496.xml
0497.jpg,bird,0497.xml
0498.jpg,bird,0498.xml
0499.jpg,bird,0499.xml
0500.jpg,bird,0500.xml
0501.jpg,bird,0501.xml
0502.jpg,bird,0502.xml
0503.jpg,bird,0503.xml
0504.jpg,bird,0504.xml
0505.jpg,bird,0505.xml
0506.jpg,bird,0506.xml
0507.jpg,bird,0507.xml
0508.jpg,bird,0508.xml
0509.jpg,bird,0509.xml
0510.jpg,bird,0510.xml
0511.jpg,bird,0511.xml
0512.jpg,bird,0512.xml
0513.jpg,bird,0513.xml
0514.jpg,bird,0514.xml
0515.jpg,bird,0515.xml
0516.jpg,bird,0516.xml
0517.jpg,bird,0517.xml
0518.jpg,bird,0518.xml
0519.jpg,bird,0519.xml
0520.jpg,bird,0520.xml
0521.jpg,bird,0521.xml
0522.jpg,bird,0522.xml
0523.jpg,bird,0523.xml
0524.jpg,bird,0524.xml
0525.jpg,bird,0525.xml
0526.jpg,bird,0526.xml
0527.jpg,bird,0527.xml
0528.jpg,bird,0528.xml
0529.jpg,bird,0529.xml
0530.jpg,bird,0530.xml
0531.jpg,bird,0531.xml
0532.jpg,bird,0532.xml
0533.jpg,bird,0533.xml
0534.jpg,bird,0534.xml
0535.jpg,bird,0535.xml
0536.jpg,bird,0536.xml
0537.jpg,bird,0537.xml
0538.jpg,bird,0538.xml
0539.jpg,bird,0539.xml
0540.jpg,bird,0540.xml
0541.jpg,bird,0541.xml
0542.jpg,bird,0542.xml
0543.jpg,bird,0543.xml
0544.jpg,bird,0544.xml
0545.jpg,bird,0545.xml
0546.jpg,bird,0546.xml
0547.jpg,bird,0547.xml
0548.jpg,bird,0548.xml
0549.jpg,bird,0549.xml
0550.jpg,bird,0550.xml
0551.jpg,bird,0551.xml
0552.jpg,bird,0552.xml
0553.jpg,bird,0553.xml
0554.jpg,bird,0554.xml
0555.jpg,bird,0555.xml
0556.jpg,bird,0556.xml
0557.jpg,bird,0557.xml
0558.jpg,bird,0558.xml
0559.jpg,bird,0559.xml
0560.jpg,bird,0560.xml
0561.jpg,bird,0561.xml
0562.jpg,bird,0562.xml
0563.jpg,bird,0563.xml
0564.jpg,bird,0564.xml
0565.jpg,bird,0565.xml
0566.jpg,bird,0566.xml
0567.jpg,bird,0567.xml
0568.jpg,bird,0568.xml
0569.jpg,bird,0569.xml
0570.jpg,bird,0570.xml
0571.jpg,bird,0571.xml
0572.jpg,bird,0572.xml
0573.jpg,bird,0573.xml
0574.jpg,bird,0574.xml
0575.jpg,bird,0575.xml
0576.jpg,bird,0576.xml
0577.jpg,bird,0577.xml
0578.jpg,bird,0578.xml
0579.jpg,bird,0579.xml
0580.jpg,bird,0580.xml
0581.jpg,bird,0581.xml
0582.jpg,bird,0582.xml
0583.jpg,bird,0583.xml
0584.jpg,bird,0584.xml
0585.jpg,bird,0585.xml
0586.jpg,bird,0586.xml
0587.jpg,bird,0587.xml
0588.jpg,bird,0588.xml
0589.jpg,bird,0589.xml
0590.jpg,bird,0590.xml
0591.jpg,bird,0591.xml
0592.jpg,bird,0592.xml
0593.jpg,bird,0593.xml
0594.jpg,bird,0594.xml
0595.jpg,bird,0595.xml
0596.jpg,bird,0596.xml
0597.jpg,bird,0597.xml
0598.jpg,bird,0598.xml
0599.jpg,bird,0599.xml
0600.jpg,bird,0600.xml
0601.jpg,bird,0601.xml
0602.jpg,bird,0602.xml
0603.jpg,bird,0603.xml
0604.jpg,bird,0604.xml
0605.jpg,bird,0605.xml
0606.jpg,bird,0606.xml
0607.jpg,bird,0607.xml
0608.jpg,bird,0608.xml
0609.jpg,bird,0609.xml
0610.jpg,bird,0610.xml
0611.jpg,bird,0611.xml
0612.jpg,bird,0612.xml
0613.jpg,bird,0613.xml
0614.jpg,bird,0614.xml
0615.jpg,bird,0615.xml
0616.jpg,bird,0616.xml
0617.jpg,bird,0617.xml
0618.jpg,bird,0618.xml
0619.jpg,bird,0619.xml
0620.jpg,bird,0620.xml
0621.jpg,bird,0621.xml
0622.jpg,bird,0622.xml
0623.jpg,bird,0623.xml
0624.jpg,bird,0624.xml
0625.jpg,bird,0625.xml
0626.jpg,bird,0626.xml
0627.jpg,bird,0627.xml
0628.jpg,bird,0628.xml
0629.jpg,bird,0629.xml
0630.jpg,bird,0630.xml
0631.jpg,bird,0631.xml
0632.jpg,bird,0632.xml
0633.jpg,bird,0633.xml
0634.jpg,bird,0634.xml
0635.jpg,bird,0635.xml
0636.jpg,bird,0636.xml
0637.jpg,bird,0637.xml
0638.jpg,bird,0638.xml
0639.jpg,bird,0639.xml
0640.jpg,bird,0640.xml
0641.jpg,bird,0641.xml
0642.jpg,bird,0642.xml
0643.jpg,bird,0643.xml
0644.jpg,bird,0644.xml
0645.jpg,bird,0645.xml
0646.jpg,bird,0646.xml
0647.jpg,bird,0647.xml
0648.jpg,bird,0648.xml
0649.jpg,bird,0649.xml
0650.jpg,bird,0650.xml
0651.jpg,bird,0651.xml
0652.jpg,bird,0652.xml
0653.jpg,bird,0653.xml
0654.jpg,bird,0654.xml
0656.jpg,bird,0656.xml
0657.jpg,bird,0657.xml
0658.jpg,bird,0658.xml
0659.jpg,bird,0659.xml
0660.jpg,bird,0660.xml
0661.jpg,bird,0661.xml
0662.jpg,bird,0662.xml
0663.jpg,bird,0663.xml
0664.jpg,bird,0664.xml
0665.jpg,bird,0665.xml
0666.jpg,bird,0666.xml
0667.jpg,bird,0667.xml
0668.jpg,bird,0668.xml
0669.jpg,bird,0669.xml
0670.jpg,bird,0670.xml
0671.jpg,bird,0671.xml
0672.jpg,bird,0672.xml
0673.jpg,bird,0673.xml
0674.jpg,bird,0674.xml
0675.jpg,bird,0675.xml
0676.jpg,bird,0676.xml
0677.jpg,bird,0677.xml
0678.jpg,bird,0678.xml
0679.jpg,bird,0679.xml
0680.jpg,bird,0680.xml
0681.jpg,bird,0681.xml
0682.jpg,bird,0682.xml
0683.jpg,bird,0683.xml
0684.jpg,bird,0684.xml
0685.jpg,bird,0685.xml
0686.jpg,bird,0686.xml
0687.jpg,bird,0687.xml
0688.jpg,bird,0688.xml
0689.jpg,bird,0689.xml
0690.jpg,bird,0690.xml
0691.jpg,bird,0691.xml
0692.jpg,bird,0692.xml
0693.jpg,bird,0693.xml
0694.jpg,bird,0694.xml
0695.jpg,bird,0695.xml
0696.jpg,bird,0696.xml
0697.jpg,bird,0697.xml
0698.jpg,bird,0698.xml
0699.jpg,bird,0699.xml
0700.jpg,bird,0700.xml
0701.jpg,bird,0701.xml
0702.jpg,bird,0702.xml
0703.jpg,bird,0703.xml
0704.jpg,bird,0704.xml
0705.jpg,bird,0705.xml
0706.jpg,bird,0706.xml
0707.jpg,bird,0707.xml
0708.jpg,bird,0708.xml
0709.jpg,bird,0709.xml
0710.jpg,bird,0710.xml
0711.jpg,bird,0711.xml
0712.jpg,bird,0712.xml
0713.jpg,bird,0713.xml
0714.jpg,bird,0714.xml
0715.jpg,bird,0715.xml
0717.jpg,bird,0717.xml
0718.jpg,bird,0718.xml
0719.jpg,bird,0719.xml
0720.jpg,bird,0720.xml
0721.jpg,bird,0721.xml
0722.jpg,bird,0722.xml
0723.jpg,bird,0723.xml
0724.jpg,bird,0724.xml
0725.jpg,bird,0725.xml
0726.jpg,bird,0726.xml
0727.jpg,bird,0727.xml
0728.jpg,bird,0728.xml
0729.jpg,bird,0729.xml
0731.jpg,bird,0731.xml
0732.jpg,bird,0732.xml
0733.jpg,bird,0733.xml
0734.jpg,bird,0734.xml
0735.jpg,bird,0735.xml
0736.jpg,bird,0736.xml
0737.jpg,bird,0737.xml
0738.jpg,bird,0738.xml
0739.jpg,bird,0739.xml
0740.jpg,bird,0740.xml
0741.jpg,bird,0741.xml
0742.jpg,bird,0742.xml
0743.jpg,bird,0743.xml
0744.jpg,bird,0744.xml
0745.jpg,bird,0745.xml
0746.jpg,bird,0746.xml
0747.jpg,bird,0747.xml
0748.jpg,bird,0748.xml
0749.jpg,bird,0749.xml
0750.jpg,bird,0750.xml
0751.jpg,bird,0751.xml
0752.jpg,bird,0752.xml
0753.jpg,bird,0753.xml
0754.jpg,bird,0754.xml
0755.jpg,bird,0755.xml
0756.jpg,bird,0756.xml
0757.jpg,bird,0757.xml
0758.jpg,bird,0758.xml
0759.jpg,bird,0759.xml
0760.jpg,bird,0760.xml
0761.jpg,bird,0761.xml
0762.jpg,bird,0762.xml
0763.jpg,bird,0763.xml
0764.jpg,bird,0764.xml
0765.jpg,bird,0765.xml
0766.jpg,bird,0766.xml
0767.jpg,bird,0767.xml
0768.jpg,bird,0768.xml
0769.jpg,bird,0769.xml
0770.jpg,bird,0770.xml
0771.jpg,bird,0771.xml
0772.jpg,bird,0772.xml
0773.jpg,bird,0773.xml
0774.jpg,bird,0774.xml
0775.jpg,bird,0775.xml
0776.jpg,bird,0776.xml
0777.jpg,bird,0777.xml
0778.jpg,bird,0778.xml
0779.jpg,bird,0779.xml
0780.jpg,bird,0780.xml
0781.jpg,bird,0781.xml
0782.jpg,bird,0782.xml
0783.jpg,bird,0783.xml
0784.jpg,bird,0784.xml
0785.jpg,bird,0785.xml
0787.jpg,bird,0787.xml
0788.jpg,bird,0788.xml
0789.jpg,bird,0789.xml
0790.jpg,bird,0790.xml
0791.jpg,bird,0791.xml
0792.jpg,bird,0792.xml
0793.jpg,bird,0793.xml
0794.jpg,bird,0794.xml
0795.jpg,bird,0795.xml
0796.jpg,bird,0796.xml
0797.jpg,bird,0797.xml
0798.jpg,bird,0798.xml
0799.jpg,bird,0799.xml
0801.jpg,bird,0801.xml
0802.jpg,bird,0802.xml
0803.jpg,bird,0803.xml
0804.jpg,bird,0804.xml
0805.jpg,bird,0805.xml
0806.jpg,bird,0806.xml
0807.jpg,bird,0807.xml
0808.jpg,bird,0808.xml
0809.jpg,bird,0809.xml
0810.jpg,bird,0810.xml
0811.jpg,bird,0811.xml
0812.jpg,bird,0812.xml
0813.jpg,bird,0813.xml
0814.jpg,bird,0814.xml
0815.jpg,bird,0815.xml
0816.jpg,bird,0816.xml
0817.jpg,bird,0817.xml
0818.jpg,bird,0818.xml
0819.jpg,bird,0819.xml
0820.jpg,bird,0820.xml
0821.jpg,bird,0821.xml
0822.jpg,bird,0822.xml
0823.jpg,bird,0823.xml
0824.jpg,bird,0824.xml
0825.jpg,bird,0825.xml
0826.jpg,bird,0826.xml
0827.jpg,bird,0827.xml
0828.jpg,bird,0828.xml
0829.jpg,bird,0829.xml
0830.jpg,bird,0830.xml
0831.jpg,bird,0831.xml
0832.jpg,bird,0832.xml
0833.jpg,bird,0833.xml
0834.jpg,bird,0834.xml
0835.jpg,bird,0835.xml
0836.jpg,bird,0836.xml
0837.jpg,bird,0837.xml
0838.jpg,bird,0838.xml
0839.jpg,bird,0839.xml
0840.jpg,bird,0840.xml
0841.jpg,bird,0841.xml
0842.jpg,bird,0842.xml
0843.jpg,bird,0843.xml
0844.jpg,bird,0844.xml
0845.jpg,bird,0845.xml
0846.jpg,bird,0846.xml
0847.jpg,bird,0847.xml
0848.jpg,bird,0848.xml
0849.jpg,bird,0849.xml
0850.jpg,bird,0850.xml
0851.jpg,bird,0851.xml
0852.jpg,bird,0852.xml
0853.jpg,bird,0853.xml
0854.jpg,bird,0854.xml
0855.jpg,bird,0855.xml
0856.jpg,bird,0856.xml
0857.jpg,bird,0857.xml
0858.jpg,bird,0858.xml
0859.jpg,bird,0859.xml
0860.jpg,bird,0860.xml
0861.jpg,bird,0861.xml
0862.jpg,bird,0862.xml
0863.jpg,bird,0863.xml
0864.jpg,bird,0864.xml
0865.jpg,bird,0865.xml
0866.jpg,bird,0866.xml
0867.jpg,bird,0867.xml
0868.jpg,bird,0868.xml
0869.jpg,bird,0869.xml
0870.jpg,bird,0870.xml
0871.jpg,bird,0871.xml
0872.jpg,bird,0872.xml
0873.jpg,bird,0873.xml
0874.jpg,bird,0874.xml
0875.jpg,bird,0875.xml
0876.jpg,bird,0876.xml
0877.jpg,bird,0877.xml
0878.jpg,bird,0878.xml
0879.jpg,bird,0879.xml
0880.jpg,bird,0880.xml
0881.jpg,bird,0881.xml
0882.jpg,bird,0882.xml
0883.jpg,bird,0883.xml
0884.jpg,bird,0884.xml
0885.jpg,bird,0885.xml
0886.jpg,bird,0886.xml
0887.jpg,bird,0887.xml
0888.jpg,bird,0888.xml
0889.jpg,bird,0889.xml
0890.jpg,bird,0890.xml
0891.jpg,bird,0891.xml
0892.jpg,bird,0892.xml
0893.jpg,bird,0893.xml
0894.jpg,bird,0894.xml
0895.jpg,bird,0895.xml
0896.jpg,bird,0896.xml
0897.jpg,bird,0897.xml
0898.jpg,bird,0898.xml
0899.jpg,bird,0899.xml
0900.jpg,bird,0900.xml
0901.jpg,bird,0901.xml
0902.jpg,bird,0902.xml
0903.jpg,bird,0903.xml
0904.jpg,bird,0904.xml
0905.jpg,bird,0905.xml
0906.jpg,bird,0906.xml
0907.jpg,bird,0907.xml
0908.jpg,bird,0908.xml
0909.jpg,bird,0909.xml
0910.jpg,bird,0910.xml
0911.jpg,bird,0911.xml
0912.jpg,bird,0912.xml
0913.jpg,bird,0913.xml
0914.jpg,bird,0914.xml
0915.jpg,bird,0915.xml
0916.jpg,bird,0916.xml
0917.jpg,bird,0917.xml
0918.jpg,bird,0918.xml
0919.jpg,bird,0919.xml
0920.jpg,bird,0920.xml
0921.jpg,bird,0921.xml
0922.jpg,bird,0922.xml
0923.jpg,bird,0923.xml
0924.jpg,bird,0924.xml
0925.jpg,bird,0925.xml
0926.jpg,bird,0926.xml
0927.jpg,bird,0927.xml
0928.jpg,bird,0928.xml
0929.jpg,bird,0929.xml
0930.jpg,bird,0930.xml
0931.jpg,bird,0931.xml
0932.jpg,bird,0932.xml
0933.jpg,bird,0933.xml
0934.jpg,bird,0934.xml
0935.jpg,bird,0935.xml
0936.jpg,bird,0936.xml
0937.jpg,bird,0937.xml
0938.jpg,bird,0938.xml
0939.jpg,bird,0939.xml
0940.jpg,bird,0940.xml
0941.jpg,bird,0941.xml
0942.jpg,bird,0942.xml
0943.jpg,bird,0943.xml
0944.jpg,bird,0944.xml
0945.jpg,bird,0945.xml
0946.jpg,bird,0946.xml
0947.jpg,bird,0947.xml
0948.jpg,bird,0948.xml
0949.jpg,bird,0949.xml
0950.jpg,bird,0950.xml
0951.jpg,bird,0951.xml
0952.jpg,bird,0952.xml
0953.jpg,bird,0953.xml
0954.jpg,bird,0954.xml
0955.jpg,bird,0955.xml
0956.jpg,bird,0956.xml
0957.jpg,bird,0957.xml
0958.jpg,bird,0958.xml
0959.jpg,bird,0959.xml
0960.jpg,bird,0960.xml
0961.jpg,bird,0961.xml
0962.jpg,bird,0962.xml
0963.jpg,bird,0963.xml
0964.jpg,bird,0964.xml
0965.jpg,bird,0965.xml
0966.jpg,bird,0966.xml
0967.jpg,bird,0967.xml
0968.jpg,bird,0968.xml
0969.jpg,bird,0969.xml
0970.jpg,bird,0970.xml
0971.jpg,bird,0971.xml
0972.jpg,bird,0972.xml
0973.jpg,bird,0973.xml
0974.jpg,bird,0974.xml
0975.jpg,bird,0975.xml
0976.jpg,bird,0976.xml
0977.jpg,bird,0977.xml
0978.jpg,bird,0978.xml
0979.jpg,bird,0979.xml
0980.jpg,bird,0980.xml
0981.jpg,bird,0981.xml
0982.jpg,bird,0982.xml
0983.jpg,bird,0983.xml
0984.jpg,bird,0984.xml
0985.jpg,bird,0985.xml
0986.jpg,bird,0986.xml
0987.jpg,bird,0987.xml
0988.jpg,bird,0988.xml
0989.jpg,bird,0989.xml
0990.jpg,bird,0990.xml
0991.jpg,bird,0991.xml
0992.jpg,bird,0992.xml
0993.jpg,bird,0993.xml
0994.jpg,bird,0994.xml
0995.jpg,bird,0995.xml
0996.jpg,bird,0996.xml
0997.jpg,bird,0997.xml
0998.jpg,bird,0998.xml
0999.jpg,bird,0999.xml
1000.jpg,bird,1000.xml
1001.jpg,bird,1001.xml
1002.jpg,bird,1002.xml
1003.jpg,bird,1003.xml
1004.jpg,bird,1004.xml
1005.jpg,bird,1005.xml
1006.jpg,bird,1006.xml
1007.jpg,bird,1007.xml
1008.jpg,bird,1008.xml
1010.jpg,bird,1010.xml
1011.jpg,bird,1011.xml
1012.jpg,bird,1012.xml
1013.jpg,bird,1013.xml
1014.jpg,bird,1014.xml
1015.jpg,bird,1015.xml
1016.jpg,bird,1016.xml
1017.jpg,bird,1017.xml
1018.jpg,bird,1018.xml
1019.jpg,bird,1019.xml
1020.jpg,bird,1020.xml
1021.jpg,bird,1021.xml
1022.jpg,bird,1022.xml
1023.jpg,bird,1023.xml
1024.jpg,bird,1024.xml
1025.jpg,bird,1025.xml
1026.jpg,bird,1026.xml
1027.jpg,bird,1027.xml
1028.jpg,bird,1028.xml
1029.jpg,bird,1029.xml
1030.jpg,bird,1030.xml
1031.jpg,bird,1031.xml
1032.jpg,bird,1032.xml
1033.jpg,bird,1033.xml
1034.jpg,bird,1034.xml
1035.jpg,bird,1035.xml
1036.jpg,bird,1036.xml
1037.jpg,bird,1037.xml
1038.jpg,bird,1038.xml
1039.jpg,bird,1039.xml
1040.jpg,bird,1040.xml
1041.jpg,bird,1041.xml
1042.jpg,bird,1042.xml
1043.jpg,bird,1043.xml
1044.jpg,bird,1044.xml
1045.jpg,bird,1045.xml
1046.jpg,bird,1046.xml
1047.jpg,bird,1047.xml
1048.jpg,bird,1048.xml
1049.jpg,bird,1049.xml
1050.jpg,bird,1050.xml
1051.jpg,bird,1051.xml
1052.jpg,bird,1052.xml
1053.jpg,bird,1053.xml
1054.jpg,bird,1054.xml
1055.jpg,bird,1055.xml
1056.jpg,bird,1056.xml
1057.jpg,bird,1057.xml
1058.jpg,bird,1058.xml
1059.jpg,bird,1059.xml
1060.jpg,bird,1060.xml
1061.jpg,bird,1061.xml
1062.jpg,bird,1062.xml
1063.jpg,bird,1063.xml
1064.jpg,bird,1064.xml
1065.jpg,bird,1065.xml
1066.jpg,bird,1066.xml
n02085620_199.jpg,dog,n02085620_199
n02085620_242.jpg,dog,n02085620_242
n02085620_275.jpg,dog,n02085620_275
n02085620_326.jpg,dog,n02085620_326
n02085620_368.jpg,dog,n02085620_368
n02085620_382.jpg,dog,n02085620_382
n02085620_431.jpg,dog,n02085620_431
n02085620_473.jpg,dog,n02085620_473
n02085620_477.jpg,dog,n02085620_477
n02085620_500.jpg,dog,n02085620_500
n02085620_574.jpg,dog,n02085620_574
n02085620_575.jpg,dog,n02085620_575
n02085620_588.jpg,dog,n02085620_588
n02085620_7.jpg,dog,n02085620_7
n02085620_712.jpg,dog,n02085620_712
n02085782_126.jpg,dog,n02085782_126
n02085782_143.jpg,dog,n02085782_143
n02085782_17.jpg,dog,n02085782_17
n02085782_172.jpg,dog,n02085782_172
n02085782_186.jpg,dog,n02085782_186
n02085782_191.jpg,dog,n02085782_191
n02085782_2.jpg,dog,n02085782_2
n02085782_23.jpg,dog,n02085782_23
n02085782_230.jpg,dog,n02085782_230
n02085782_267.jpg,dog,n02085782_267
n02085782_28.jpg,dog,n02085782_28
n02085782_38.jpg,dog,n02085782_38
n02085782_50.jpg,dog,n02085782_50
n02085782_80.jpg,dog,n02085782_80
n02085782_82.jpg,dog,n02085782_82
n02085936_126.jpg,dog,n02085936_126
n02085936_137.jpg,dog,n02085936_137
n02085936_233.jpg,dog,n02085936_233
n02085936_296.jpg,dog,n02085936_296
n02085936_338.jpg,dog,n02085936_338
n02085936_352.jpg,dog,n02085936_352
n02085936_37.jpg,dog,n02085936_37
n02085936_420.jpg,dog,n02085936_420
n02085936_426.jpg,dog,n02085936_426
n02085936_461.jpg,dog,n02085936_461
n02085936_500.jpg,dog,n02085936_500
n02085936_517.jpg,dog,n02085936_517
n02085936_544.jpg,dog,n02085936_544
n02085936_548.jpg,dog,n02085936_548
n02085936_66.jpg,dog,n02085936_66
n02086079_146.jpg,dog,n02086079_146
n02086079_155.jpg,dog,n02086079_155
n02086079_186.jpg,dog,n02086079_186
n02086079_207.jpg,dog,n02086079_207
n02086079_347.jpg,dog,n02086079_347
n02086079_356.jpg,dog,n02086079_356
n02086079_380.jpg,dog,n02086079_380
n02086079_422.jpg,dog,n02086079_422
n02086079_499.jpg,dog,n02086079_499
n02086079_606.jpg,dog,n02086079_606
n02086079_869.jpg,dog,n02086079_869
n02086079_884.jpg,dog,n02086079_884
n02086079_904.jpg,dog,n02086079_904
n02086079_937.jpg,dog,n02086079_937
n02086079_952.jpg,dog,n02086079_952
n02086240_110.jpg,dog,n02086240_110
n02086240_126.jpg,dog,n02086240_126
n02086240_134.jpg,dog,n02086240_134
n02086240_135.jpg,dog,n02086240_135
n02086240_254.jpg,dog,n02086240_254
n02086240_271.jpg,dog,n02086240_271
n02086240_272.jpg,dog,n02086240_272
n02086240_30.jpg,dog,n02086240_30
n02086240_306.jpg,dog,n02086240_306
n02086240_323.jpg,dog,n02086240_323
n02086240_34.jpg,dog,n02086240_34
n02086240_415.jpg,dog,n02086240_415
n02086240_46.jpg,dog,n02086240_46
n02086240_61.jpg,dog,n02086240_61
n02086240_9.jpg,dog,n02086240_9
n02086646_117.jpg,dog,n02086646_117
n02086646_118.jpg,dog,n02086646_118
n02086646_127.jpg,dog,n02086646_127
n02086646_136.jpg,dog,n02086646_136
n02086646_166.jpg,dog,n02086646_166
n02086646_172.jpg,dog,n02086646_172
n02086646_173.jpg,dog,n02086646_173
n02086646_20.jpg,dog,n02086646_20
n02086646_23.jpg,dog,n02086646_23
n02086646_280.jpg,dog,n02086646_280
n02086646_282.jpg,dog,n02086646_282
n02086646_296.jpg,dog,n02086646_296
n02086646_3.jpg,dog,n02086646_3
n02086646_32.jpg,dog,n02086646_32
n02086646_45.jpg,dog,n02086646_45
n02086910_103.jpg,dog,n02086910_103
n02086910_21.jpg,dog,n02086910_21
n02086910_26.jpg,dog,n02086910_26
n02086910_334.jpg,dog,n02086910_334
n02086910_336.jpg,dog,n02086910_336
n02086910_399.jpg,dog,n02086910_399
n02086910_485.jpg,dog,n02086910_485
n02086910_54.jpg,dog,n02086910_54
n02086910_557.jpg,dog,n02086910_557
n02086910_592.jpg,dog,n02086910_592
n02086910_685.jpg,dog,n02086910_685
n02086910_695.jpg,dog,n02086910_695
n02086910_797.jpg,dog,n02086910_797
n02086910_847.jpg,dog,n02086910_847
n02086910_862.jpg,dog,n02086910_862
n02087046_133.jpg,dog,n02087046_133
n02087046_178.jpg,dog,n02087046_178
n02087046_217.jpg,dog,n02087046_217
n02087046_224.jpg,dog,n02087046_224
n02087046_228.jpg,dog,n02087046_228
n02087046_267.jpg,dog,n02087046_267
n02087046_296.jpg,dog,n02087046_296
n02087046_309.jpg,dog,n02087046_309
n02087046_336.jpg,dog,n02087046_336
n02087046_357.jpg,dog,n02087046_357
n02087046_406.jpg,dog,n02087046_406
n02087046_420.jpg,dog,n02087046_420
n02087046_430.jpg,dog,n02087046_430
n02087046_505.jpg,dog,n02087046_505
n02087046_81.jpg,dog,n02087046_81
n02087394_101.jpg,dog,n02087394_101
n02087394_138.jpg,dog,n02087394_138
n02087394_261.jpg,dog,n02087394_261
n02087394_310.jpg,dog,n02087394_310
n02087394_330.jpg,dog,n02087394_330
n02087394_36.jpg,dog,n02087394_36
n02087394_381.jpg,dog,n02087394_381
n02087394_514.jpg,dog,n02087394_514
n02087394_531.jpg,dog,n02087394_531
n02087394_613.jpg,dog,n02087394_613
n02087394_681.jpg,dog,n02087394_681
n02087394_760.jpg,dog,n02087394_760
n02087394_831.jpg,dog,n02087394_831
n02087394_889.jpg,dog,n02087394_889
n02087394_909.jpg,dog,n02087394_909
n02088094_115.jpg,dog,n02088094_115
n02088094_173.jpg,dog,n02088094_173
n02088094_185.jpg,dog,n02088094_185
n02088094_227.jpg,dog,n02088094_227
n02088094_231.jpg,dog,n02088094_231
n02088094_251.jpg,dog,n02088094_251
n02088094_26.jpg,dog,n02088094_26
n02088094_266.jpg,dog,n02088094_266
n02088094_272.jpg,dog,n02088094_272
n02088094_294.jpg,dog,n02088094_294
n02088094_305.jpg,dog,n02088094_305
n02088094_342.jpg,dog,n02088094_342
n02088094_357.jpg,dog,n02088094_357
n02088094_60.jpg,dog,n02088094_60
n02088094_93.jpg,dog,n02088094_93
n02088238_1261.jpg,dog,n02088238_1261
n02088238_1454.jpg,dog,n02088238_1454
n02088238_1731.jpg,dog,n02088238_1731
n02088238_1944.jpg,dog,n02088238_1944
n02088238_2009.jpg,dog,n02088238_2009
n02088238_2217.jpg,dog,n02088238_2217
n02088238_305.jpg,dog,n02088238_305
n02088238_363.jpg,dog,n02088238_363
n02088238_490.jpg,dog,n02088238_490
n02088238_517.jpg,dog,n02088238_517
n02088238_600.jpg,dog,n02088238_600
n02088238_657.jpg,dog,n02088238_657
n02088238_658.jpg,dog,n02088238_658
n02088238_664.jpg,dog,n02088238_664
n02088238_665.jpg,dog,n02088238_665
n02088364_1128.jpg,dog,n02088364_1128
n02088364_129.jpg,dog,n02088364_129
n02088364_1384.jpg,dog,n02088364_1384
n02088364_1507.jpg,dog,n02088364_1507
n02088364_161.jpg,dog,n02088364_161
n02088364_2000.jpg,dog,n02088364_2000
n02088364_2019.jpg,dog,n02088364_2019
n02088364_2106.jpg,dog,n02088364_2106
n02088364_2143.jpg,dog,n02088364_2143
n02088364_427.jpg,dog,n02088364_427
n02088364_639.jpg,dog,n02088364_639
n02088364_769.jpg,dog,n02088364_769
n02088364_852.jpg,dog,n02088364_852
n02088364_876.jpg,dog,n02088364_876
n02088364_959.jpg,dog,n02088364_959
n02088466_1015.jpg,dog,n02088466_1015
n02088466_1262.jpg,dog,n02088466_1262
n02088466_1473.jpg,dog,n02088466_1473
n02088466_1503.jpg,dog,n02088466_1503
n02088466_1555.jpg,dog,n02088466_1555
n02088466_1563.jpg,dog,n02088466_1563
n02088466_1671.jpg,dog,n02088466_1671
n02088466_1983.jpg,dog,n02088466_1983
n02088466_2030.jpg,dog,n02088466_2030
n02088466_2332.jpg,dog,n02088466_2332
n02088466_2862.jpg,dog,n02088466_2862
n02088466_2908.jpg,dog,n02088466_2908
n02088466_2934.jpg,dog,n02088466_2934
n02088466_2986.jpg,dog,n02088466_2986
n02088466_654.jpg,dog,n02088466_654
n02088632_101.jpg,dog,n02088632_101
n02088632_108.jpg,dog,n02088632_108
n02088632_109.jpg,dog,n02088632_109
n02088632_140.jpg,dog,n02088632_140
n02088632_152.jpg,dog,n02088632_152
n02088632_171.jpg,dog,n02088632_171
n02088632_175.jpg,dog,n02088632_175
n02088632_190.jpg,dog,n02088632_190
n02088632_205.jpg,dog,n02088632_205
n02088632_255.jpg,dog,n02088632_255
n02088632_260.jpg,dog,n02088632_260
n02088632_28.jpg,dog,n02088632_28
n02088632_291.jpg,dog,n02088632_291
n02088632_70.jpg,dog,n02088632_70
n02088632_87.jpg,dog,n02088632_87
n02089078_111.jpg,dog,n02089078_111
n02089078_141.jpg,dog,n02089078_141
n02089078_176.jpg,dog,n02089078_176
n02089078_183.jpg,dog,n02089078_183
n02089078_185.jpg,dog,n02089078_185
n02089078_188.jpg,dog,n02089078_188
n02089078_19.jpg,dog,n02089078_19
n02089078_192.jpg,dog,n02089078_192
n02089078_222.jpg,dog,n02089078_222
n02089078_237.jpg,dog,n02089078_237
n02089078_243.jpg,dog,n02089078_243
n02089078_4.jpg,dog,n02089078_4
n02089078_45.jpg,dog,n02089078_45
n02089078_52.jpg,dog,n02089078_52
n02089078_80.jpg,dog,n02089078_80
n02089867_126.jpg,dog,n02089867_126
n02089867_142.jpg,dog,n02089867_142
n02089867_145.jpg,dog,n02089867_145
n02089867_146.jpg,dog,n02089867_146
n02089867_148.jpg,dog,n02089867_148
n02089867_149.jpg,dog,n02089867_149
n02089867_180.jpg,dog,n02089867_180
n02089867_183.jpg,dog,n02089867_183
n02089867_218.jpg,dog,n02089867_218
n02089867_24.jpg,dog,n02089867_24
n02089867_31.jpg,dog,n02089867_31
n02089867_42.jpg,dog,n02089867_42
n02089867_55.jpg,dog,n02089867_55
n02089867_90.jpg,dog,n02089867_90
n02089867_91.jpg,dog,n02089867_91
n02089973_1.jpg,dog,n02089973_1
n02089973_140.jpg,dog,n02089973_140
n02089973_186.jpg,dog,n02089973_186
n02089973_2.jpg,dog,n02089973_2
n02089973_208.jpg,dog,n02089973_208
n02089973_243.jpg,dog,n02089973_243
n02089973_251.jpg,dog,n02089973_251
n02089973_255.jpg,dog,n02089973_255
n02089973_263.jpg,dog,n02089973_263
n02089973_270.jpg,dog,n02089973_270
n02089973_289.jpg,dog,n02089973_289
n02089973_32.jpg,dog,n02089973_32
n02089973_48.jpg,dog,n02089973_48
n02089973_97.jpg,dog,n02089973_97
n02089973_99.jpg,dog,n02089973_99
n02090379_1006.jpg,dog,n02090379_1006
n02090379_223.jpg,dog,n02090379_223
n02090379_243.jpg,dog,n02090379_243
n02090379_364.jpg,dog,n02090379_364
n02090379_433.jpg,dog,n02090379_433
n02090379_521.jpg,dog,n02090379_521
n02090379_601.jpg,dog,n02090379_601
n02090379_709.jpg,dog,n02090379_709
n02090379_744.jpg,dog,n02090379_744
n02090379_832.jpg,dog,n02090379_832
n02090379_855.jpg,dog,n02090379_855
n02090379_859.jpg,dog,n02090379_859
n02090379_91.jpg,dog,n02090379_91
n02090379_957.jpg,dog,n02090379_957
n02090379_980.jpg,dog,n02090379_980
n02090622_1047.jpg,dog,n02090622_1047
n02090622_1082.jpg,dog,n02090622_1082
n02090622_1086.jpg,dog,n02090622_1086
n02090622_1253.jpg,dog,n02090622_1253
n02090622_1391.jpg,dog,n02090622_1391
n02090622_1726.jpg,dog,n02090622_1726
n02090622_1786.jpg,dog,n02090622_1786
n02090622_266.jpg,dog,n02090622_266
n02090622_391.jpg,dog,n02090622_391
n02090622_431.jpg,dog,n02090622_431
n02090622_585.jpg,dog,n02090622_585
n02090622_693.jpg,dog,n02090622_693
n02090622_82.jpg,dog,n02090622_82
n02090622_855.jpg,dog,n02090622_855
n02090622_906.jpg,dog,n02090622_906
n02090721_175.jpg,dog,n02090721_175
n02090721_195.jpg,dog,n02090721_195
n02090721_209.jpg,dog,n02090721_209
n02090721_220.jpg,dog,n02090721_220
n02090721_272.jpg,dog,n02090721_272
n02090721_296.jpg,dog,n02090721_296
n02090721_309.jpg,dog,n02090721_309
n02090721_311.jpg,dog,n02090721_311
n02090721_327.jpg,dog,n02090721_327
n02090721_342.jpg,dog,n02090721_342
n02090721_348.jpg,dog,n02090721_348
n02090721_363.jpg,dog,n02090721_363
n02090721_448.jpg,dog,n02090721_448
n02090721_452.jpg,dog,n02090721_452
n02090721_464.jpg,dog,n02090721_464
n02091032_102.jpg,dog,n02091032_102
n02091032_135.jpg,dog,n02091032_135
n02091032_18.jpg,dog,n02091032_18
n02091032_20.jpg,dog,n02091032_20
n02091032_212.jpg,dog,n02091032_212
n02091032_256.jpg,dog,n02091032_256
n02091032_309.jpg,dog,n02091032_309
n02091032_334.jpg,dog,n02091032_334
n02091032_347.jpg,dog,n02091032_347
n02091032_358.jpg,dog,n02091032_358
n02091032_36.jpg,dog,n02091032_36
n02091032_372.jpg,dog,n02091032_372
n02091032_5.jpg,dog,n02091032_5
n02091032_55.jpg,dog,n02091032_55
n02091032_75.jpg,dog,n02091032_75
n02091134_125.jpg,dog,n02091134_125
n02091134_145.jpg,dog,n02091134_145
n02091134_232.jpg,dog,n02091134_232
n02091134_39.jpg,dog,n02091134_39
n02091134_392.jpg,dog,n02091134_392
n02091134_524.jpg,dog,n02091134_524
n02091134_682.jpg,dog,n02091134_682
n02091134_689.jpg,dog,n02091134_689
n02091134_732.jpg,dog,n02091134_732
n02091134_738.jpg,dog,n02091134_738
n02091134_755.jpg,dog,n02091134_755
n02091134_835.jpg,dog,n02091134_835
n02091134_842.jpg,dog,n02091134_842
n02091134_9.jpg,dog,n02091134_9
n02091134_917.jpg,dog,n02091134_917
n02091244_100.jpg,dog,n02091244_100
n02091244_110.jpg,dog,n02091244_110
n02091244_119.jpg,dog,n02091244_119
n02091244_142.jpg,dog,n02091244_142
n02091244_147.jpg,dog,n02091244_147
n02091244_150.jpg,dog,n02091244_150
n02091244_156.jpg,dog,n02091244_156
n02091244_169.jpg,dog,n02091244_169
n02091244_175.jpg,dog,n02091244_175
n02091244_177.jpg,dog,n02091244_177
n02091244_226.jpg,dog,n02091244_226
n02091244_25.jpg,dog,n02091244_25
n02091244_61.jpg,dog,n02091244_61
n02091244_85.jpg,dog,n02091244_85
n02091244_86.jpg,dog,n02091244_86
n02091467_141.jpg,dog,n02091467_141
n02091467_217.jpg,dog,n02091467_217
n02091467_218.jpg,dog,n02091467_218
n02091467_235.jpg,dog,n02091467_235
n02091467_272.jpg,dog,n02091467_272
n02091467_287.jpg,dog,n02091467_287
n02091467_332.jpg,dog,n02091467_332
n02091467_340.jpg,dog,n02091467_340
n02091467_366.jpg,dog,n02091467_366
n02091467_402.jpg,dog,n02091467_402
n02091467_410.jpg,dog,n02091467_410
n02091467_442.jpg,dog,n02091467_442
n02091467_473.jpg,dog,n02091467_473
n02091467_73.jpg,dog,n02091467_73
n02091467_92.jpg,dog,n02091467_92
n02091635_134.jpg,dog,n02091635_134
n02091635_142.jpg,dog,n02091635_142
n02091635_192.jpg,dog,n02091635_192
n02091635_2.jpg,dog,n02091635_2
n02091635_215.jpg,dog,n02091635_215
n02091635_220.jpg,dog,n02091635_220
n02091635_239.jpg,dog,n02091635_239
n02091635_335.jpg,dog,n02091635_335
n02091635_386.jpg,dog,n02091635_386
n02091635_390.jpg,dog,n02091635_390
n02091635_426.jpg,dog,n02091635_426
n02091635_436.jpg,dog,n02091635_436
n02091635_452.jpg,dog,n02091635_452
n02091635_523.jpg,dog,n02091635_523
n02091635_6.jpg,dog,n02091635_6
n02091831_151.jpg,dog,n02091831_151
n02091831_213.jpg,dog,n02091831_213
n02091831_256.jpg,dog,n02091831_256
n02091831_304.jpg,dog,n02091831_304
n02091831_346.jpg,dog,n02091831_346
n02091831_351.jpg,dog,n02091831_351
n02091831_355.jpg,dog,n02091831_355
n02091831_38.jpg,dog,n02091831_38
n02091831_410.jpg,dog,n02091831_410
n02091831_55.jpg,dog,n02091831_55
n02091831_566.jpg,dog,n02091831_566
n02091831_573.jpg,dog,n02091831_573
n02091831_627.jpg,dog,n02091831_627
n02091831_699.jpg,dog,n02091831_699
n02091831_97.jpg,dog,n02091831_97
n02092002_109.jpg,dog,n02092002_109
n02092002_120.jpg,dog,n02092002_120
n02092002_149.jpg,dog,n02092002_149
n02092002_198.jpg,dog,n02092002_198
n02092002_228.jpg,dog,n02092002_228
n02092002_293.jpg,dog,n02092002_293
n02092002_296.jpg,dog,n02092002_296
n02092002_3.jpg,dog,n02092002_3
n02092002_305.jpg,dog,n02092002_305
n02092002_348.jpg,dog,n02092002_348
n02092002_49.jpg,dog,n02092002_49
n02092002_498.jpg,dog,n02092002_498
n02092002_525.jpg,dog,n02092002_525
n02092002_662.jpg,dog,n02092002_662
n02092002_86.jpg,dog,n02092002_86
n02092339_107.jpg,dog,n02092339_107
n02092339_110.jpg,dog,n02092339_110
n02092339_114.jpg,dog,n02092339_114
n02092339_120.jpg,dog,n02092339_120
n02092339_14.jpg,dog,n02092339_14
n02092339_174.jpg,dog,n02092339_174
n02092339_176.jpg,dog,n02092339_176
n02092339_205.jpg,dog,n02092339_205
n02092339_235.jpg,dog,n02092339_235
n02092339_31.jpg,dog,n02092339_31
n02092339_40.jpg,dog,n02092339_40
n02092339_49.jpg,dog,n02092339_49
n02092339_52.jpg,dog,n02092339_52
n02092339_75.jpg,dog,n02092339_75
n02092339_93.jpg,dog,n02092339_93
n02093256_225.jpg,dog,n02093256_225
n02093256_264.jpg,dog,n02093256_264
n02093256_269.jpg,dog,n02093256_269
n02093256_272.jpg,dog,n02093256_272
n02093256_291.jpg,dog,n02093256_291
n02093256_367.jpg,dog,n02093256_367
n02093256_417.jpg,dog,n02093256_417
n02093256_540.jpg,dog,n02093256_540
n02093256_567.jpg,dog,n02093256_567
n02093256_626.jpg,dog,n02093256_626
n02093256_718.jpg,dog,n02093256_718
n02093256_759.jpg,dog,n02093256_759
n02093256_774.jpg,dog,n02093256_774
n02093256_836.jpg,dog,n02093256_836
n02093256_898.jpg,dog,n02093256_898
n02093428_11.jpg,dog,n02093428_11
n02093428_111.jpg,dog,n02093428_111
n02093428_164.jpg,dog,n02093428_164
n02093428_225.jpg,dog,n02093428_225
n02093428_277.jpg,dog,n02093428_277
n02093428_366.jpg,dog,n02093428_366
n02093428_416.jpg,dog,n02093428_416
n02093428_443.jpg,dog,n02093428_443
n02093428_582.jpg,dog,n02093428_582
n02093428_592.jpg,dog,n02093428_592
n02093428_632.jpg,dog,n02093428_632
n02093428_640.jpg,dog,n02093428_640
n02093428_712.jpg,dog,n02093428_712
n02093428_738.jpg,dog,n02093428_738
n02093428_814.jpg,dog,n02093428_814
n02093647_120.jpg,dog,n02093647_120
n02093647_126.jpg,dog,n02093647_126
n02093647_160.jpg,dog,n02093647_160
n02093647_172.jpg,dog,n02093647_172
n02093647_185.jpg,dog,n02093647_185
n02093647_201.jpg,dog,n02093647_201
n02093647_21.jpg,dog,n02093647_21
n02093647_227.jpg,dog,n02093647_227
n02093647_229.jpg,dog,n02093647_229
n02093647_24.jpg,dog,n02093647_24
n02093647_28.jpg,dog,n02093647_28
n02093647_55.jpg,dog,n02093647_55
n02093647_65.jpg,dog,n02093647_65
n02093647_79.jpg,dog,n02093647_79
n02093647_99.jpg,dog,n02093647_99
n02093754_115.jpg,dog,n02093754_115
n02093754_123.jpg,dog,n02093754_123
n02093754_175.jpg,dog,n02093754_175
n02093754_180.jpg,dog,n02093754_180
n02093754_186.jpg,dog,n02093754_186
n02093754_218.jpg,dog,n02093754_218
n02093754_234.jpg,dog,n02093754_234
n02093754_367.jpg,dog,n02093754_367
n02093754_373.jpg,dog,n02093754_373
n02093754_476.jpg,dog,n02093754_476
n02093754_51.jpg,dog,n02093754_51
n02093754_521.jpg,dog,n02093754_521
n02093754_656.jpg,dog,n02093754_656
n02093754_667.jpg,dog,n02093754_667
n02093754_717.jpg,dog,n02093754_717
n02093859_10.jpg,dog,n02093859_10
n02093859_132.jpg,dog,n02093859_132
n02093859_14.jpg,dog,n02093859_14
n02093859_161.jpg,dog,n02093859_161
n02093859_184.jpg,dog,n02093859_184
n02093859_189.jpg,dog,n02093859_189
n02093859_248.jpg,dog,n02093859_248
n02093859_262.jpg,dog,n02093859_262
n02093859_36.jpg,dog,n02093859_36
n02093859_40.jpg,dog,n02093859_40
n02093859_49.jpg,dog,n02093859_49
n02093859_61.jpg,dog,n02093859_61
n02093859_82.jpg,dog,n02093859_82
n02093859_86.jpg,dog,n02093859_86
n02093859_87.jpg,dog,n02093859_87
n02093991_114.jpg,dog,n02093991_114
n02093991_118.jpg,dog,n02093991_118
n02093991_122.jpg,dog,n02093991_122
n02093991_130.jpg,dog,n02093991_130
n02093991_168.jpg,dog,n02093991_168
n02093991_180.jpg,dog,n02093991_180
n02093991_199.jpg,dog,n02093991_199
n02093991_202.jpg,dog,n02093991_202
n02093991_247.jpg,dog,n02093991_247
n02093991_278.jpg,dog,n02093991_278
n02093991_281.jpg,dog,n02093991_281
n02093991_50.jpg,dog,n02093991_50
n02093991_75.jpg,dog,n02093991_75
n02093991_86.jpg,dog,n02093991_86
n02093991_89.jpg,dog,n02093991_89
n02094114_113.jpg,dog,n02094114_113
n02094114_140.jpg,dog,n02094114_140
n02094114_161.jpg,dog,n02094114_161
n02094114_192.jpg,dog,n02094114_192
n02094114_252.jpg,dog,n02094114_252
n02094114_281.jpg,dog,n02094114_281
n02094114_297.jpg,dog,n02094114_297
n02094114_315.jpg,dog,n02094114_315
n02094114_346.jpg,dog,n02094114_346
n02094114_347.jpg,dog,n02094114_347
n02094114_348.jpg,dog,n02094114_348
n02094114_363.jpg,dog,n02094114_363
n02094114_382.jpg,dog,n02094114_382
n02094114_61.jpg,dog,n02094114_61
n02094114_99.jpg,dog,n02094114_99
n02094258_103.jpg,dog,n02094258_103
n02094258_112.jpg,dog,n02094258_112
n02094258_125.jpg,dog,n02094258_125
n02094258_130.jpg,dog,n02094258_130
n02094258_146.jpg,dog,n02094258_146
n02094258_166.jpg,dog,n02094258_166
n02094258_50.jpg,dog,n02094258_50
n02094258_52.jpg,dog,n02094258_52
n02094258_61.jpg,dog,n02094258_61
n02094258_69.jpg,dog,n02094258_69
n02094258_72.jpg,dog,n02094258_72
n02094258_73.jpg,dog,n02094258_73
n02094258_81.jpg,dog,n02094258_81
n02094258_90.jpg,dog,n02094258_90
n02094258_95.jpg,dog,n02094258_95
n02094433_126.jpg,dog,n02094433_126
n02094433_194.jpg,dog,n02094433_194
n02094433_199.jpg,dog,n02094433_199
n02094433_225.jpg,dog,n02094433_225
n02094433_259.jpg,dog,n02094433_259
n02094433_266.jpg,dog,n02094433_266
n02094433_478.jpg,dog,n02094433_478
n02094433_515.jpg,dog,n02094433_515
n02094433_540.jpg,dog,n02094433_540
n02094433_621.jpg,dog,n02094433_621
n02094433_63.jpg,dog,n02094433_63
n02094433_668.jpg,dog,n02094433_668
n02094433_701.jpg,dog,n02094433_701
n02094433_708.jpg,dog,n02094433_708
n02094433_96.jpg,dog,n02094433_96
n02095314_105.jpg,dog,n02095314_105
n02095314_108.jpg,dog,n02095314_108
n02095314_138.jpg,dog,n02095314_138
n02095314_157.jpg,dog,n02095314_157
n02095314_188.jpg,dog,n02095314_188
n02095314_2.jpg,dog,n02095314_2
n02095314_227.jpg,dog,n02095314_227
n02095314_252.jpg,dog,n02095314_252
n02095314_261.jpg,dog,n02095314_261
n02095314_289.jpg,dog,n02095314_289
n02095314_293.jpg,dog,n02095314_293
n02095314_318.jpg,dog,n02095314_318
n02095314_367.jpg,dog,n02095314_367
n02095314_397.jpg,dog,n02095314_397
n02095314_80.jpg,dog,n02095314_80
n02095570_104.jpg,dog,n02095570_104
n02095570_126.jpg,dog,n02095570_126
n02095570_163.jpg,dog,n02095570_163
n02095570_199.jpg,dog,n02095570_199
n02095570_201.jpg,dog,n02095570_201
n02095570_269.jpg,dog,n02095570_269
n02095570_280.jpg,dog,n02095570_280
n02095570_284.jpg,dog,n02095570_284
n02095570_315.jpg,dog,n02095570_315
n02095570_324.jpg,dog,n02095570_324
n02095570_337.jpg,dog,n02095570_337
n02095570_373.jpg,dog,n02095570_373
n02095570_375.jpg,dog,n02095570_375
n02095570_393.jpg,dog,n02095570_393
n02095570_95.jpg,dog,n02095570_95
n02095889_10.jpg,dog,n02095889_10
n02095889_107.jpg,dog,n02095889_107
n02095889_136.jpg,dog,n02095889_136
n02095889_151.jpg,dog,n02095889_151
n02095889_173.jpg,dog,n02095889_173
n02095889_199.jpg,dog,n02095889_199
n02095889_231.jpg,dog,n02095889_231
n02095889_25.jpg,dog,n02095889_25
n02095889_270.jpg,dog,n02095889_270
n02095889_293.jpg,dog,n02095889_293
n02095889_298.jpg,dog,n02095889_298
n02095889_310.jpg,dog,n02095889_310
n02095889_41.jpg,dog,n02095889_41
n02095889_47.jpg,dog,n02095889_47
n02095889_61.jpg,dog,n02095889_61
n02096051_119.jpg,dog,n02096051_119
n02096051_129.jpg,dog,n02096051_129
n02096051_138.jpg,dog,n02096051_138
n02096051_161.jpg,dog,n02096051_161
n02096051_171.jpg,dog,n02096051_171
n02096051_183.jpg,dog,n02096051_183
n02096051_225.jpg,dog,n02096051_225
n02096051_249.jpg,dog,n02096051_249
n02096051_319.jpg,dog,n02096051_319
n02096051_424.jpg,dog,n02096051_424
n02096051_441.jpg,dog,n02096051_441
n02096051_517.jpg,dog,n02096051_517
n02096051_584.jpg,dog,n02096051_584
n02096051_7.jpg,dog,n02096051_7
n02096051_93.jpg,dog,n02096051_93
n02096177_130.jpg,dog,n02096177_130
n02096177_133.jpg,dog,n02096177_133
n02096177_143.jpg,dog,n02096177_143
n02096177_152.jpg,dog,n02096177_152
n02096177_164.jpg,dog,n02096177_164
n02096177_170.jpg,dog,n02096177_170
n02096177_181.jpg,dog,n02096177_181
n02096177_207.jpg,dog,n02096177_207
n02096177_218.jpg,dog,n02096177_218
n02096177_223.jpg,dog,n02096177_223
n02096177_244.jpg,dog,n02096177_244
n02096177_3.jpg,dog,n02096177_3
n02096177_4.jpg,dog,n02096177_4
n02096177_91.jpg,dog,n02096177_91
n02096177_99.jpg,dog,n02096177_99
n02096294_160.jpg,dog,n02096294_160
n02096294_167.jpg,dog,n02096294_167
n02096294_250.jpg,dog,n02096294_250
n02096294_261.jpg,dog,n02096294_261
n02096294_285.jpg,dog,n02096294_285
n02096294_38.jpg,dog,n02096294_38
n02096294_412.jpg,dog,n02096294_412
n02096294_436.jpg,dog,n02096294_436
n02096294_459.jpg,dog,n02096294_459
n02096294_472.jpg,dog,n02096294_472
n02096294_484.jpg,dog,n02096294_484
n02096294_493.jpg,dog,n02096294_493
n02096294_537.jpg,dog,n02096294_537
n02096294_67.jpg,dog,n02096294_67
n02096294_73.jpg,dog,n02096294_73
n02096437_137.jpg,dog,n02096437_137
n02096437_140.jpg,dog,n02096437_140
n02096437_148.jpg,dog,n02096437_148
n02096437_179.jpg,dog,n02096437_179
n02096437_183.jpg,dog,n02096437_183
n02096437_287.jpg,dog,n02096437_287
n02096437_29.jpg,dog,n02096437_29
n02096437_290.jpg,dog,n02096437_290
n02096437_4.jpg,dog,n02096437_4
n02096437_48.jpg,dog,n02096437_48
n02096437_50.jpg,dog,n02096437_50
n02096437_6.jpg,dog,n02096437_6
n02096437_85.jpg,dog,n02096437_85
n02096437_91.jpg,dog,n02096437_91
n02096437_92.jpg,dog,n02096437_92
n02096585_145.jpg,dog,n02096585_145
n02096585_169.jpg,dog,n02096585_169
n02096585_19.jpg,dog,n02096585_19
n02096585_210.jpg,dog,n02096585_210
n02096585_237.jpg,dog,n02096585_237
n02096585_296.jpg,dog,n02096585_296
n02096585_311.jpg,dog,n02096585_311
n02096585_318.jpg,dog,n02096585_318
n02096585_32.jpg,dog,n02096585_32
n02096585_341.jpg,dog,n02096585_341
n02096585_342.jpg,dog,n02096585_342
n02096585_353.jpg,dog,n02096585_353
n02096585_414.jpg,dog,n02096585_414
n02096585_454.jpg,dog,n02096585_454
n02096585_507.jpg,dog,n02096585_507
n02097047_124.jpg,dog,n02097047_124
n02097047_14.jpg,dog,n02097047_14
n02097047_151.jpg,dog,n02097047_151
n02097047_157.jpg,dog,n02097047_157
n02097047_162.jpg,dog,n02097047_162
n02097047_232.jpg,dog,n02097047_232
n02097047_255.jpg,dog,n02097047_255
n02097047_263.jpg,dog,n02097047_263
n02097047_271.jpg,dog,n02097047_271
n02097047_328.jpg,dog,n02097047_328
n02097047_35.jpg,dog,n02097047_35
n02097047_37.jpg,dog,n02097047_37
n02097047_509.jpg,dog,n02097047_509
n02097047_60.jpg,dog,n02097047_60
n02097047_73.jpg,dog,n02097047_73
n02097130_234.jpg,dog,n02097130_234
n02097130_243.jpg,dog,n02097130_243
n02097130_262.jpg,dog,n02097130_262
n02097130_310.jpg,dog,n02097130_310
n02097130_32.jpg,dog,n02097130_32
n02097130_344.jpg,dog,n02097130_344
n02097130_364.jpg,dog,n02097130_364
n02097130_448.jpg,dog,n02097130_448
n02097130_572.jpg,dog,n02097130_572
n02097130_582.jpg,dog,n02097130_582
n02097130_589.jpg,dog,n02097130_589
n02097130_602.jpg,dog,n02097130_602
n02097130_603.jpg,dog,n02097130_603
n02097130_609.jpg,dog,n02097130_609
n02097130_63.jpg,dog,n02097130_63
n02097209_1.jpg,dog,n02097209_1
n02097209_15.jpg,dog,n02097209_15
n02097209_169.jpg,dog,n02097209_169
n02097209_193.jpg,dog,n02097209_193
n02097209_213.jpg,dog,n02097209_213
n02097209_221.jpg,dog,n02097209_221
n02097209_226.jpg,dog,n02097209_226
n02097209_283.jpg,dog,n02097209_283
n02097209_367.jpg,dog,n02097209_367
n02097209_384.jpg,dog,n02097209_384
n02097209_46.jpg,dog,n02097209_46
n02097209_49.jpg,dog,n02097209_49
n02097209_66.jpg,dog,n02097209_66
n02097209_8.jpg,dog,n02097209_8
n02097209_96.jpg,dog,n02097209_96
n02097298_132.jpg,dog,n02097298_132
n02097298_161.jpg,dog,n02097298_161
n02097298_195.jpg,dog,n02097298_195
n02097298_200.jpg,dog,n02097298_200
n02097298_231.jpg,dog,n02097298_231
n02097298_256.jpg,dog,n02097298_256
n02097298_344.jpg,dog,n02097298_344
n02097298_378.jpg,dog,n02097298_378
n02097298_39.jpg,dog,n02097298_39
n02097298_432.jpg,dog,n02097298_432
n02097298_65.jpg,dog,n02097298_65
n02097298_78.jpg,dog,n02097298_78
n02097298_825.jpg,dog,n02097298_825
n02097298_91.jpg,dog,n02097298_91
n02097298_92.jpg,dog,n02097298_92
n02097474_120.jpg,dog,n02097474_120
n02097474_124.jpg,dog,n02097474_124
n02097474_16.jpg,dog,n02097474_16
n02097474_32.jpg,dog,n02097474_32
n02097474_36.jpg,dog,n02097474_36
n02097474_393.jpg,dog,n02097474_393
n02097474_40.jpg,dog,n02097474_40
n02097474_401.jpg,dog,n02097474_401
n02097474_410.jpg,dog,n02097474_410
n02097474_425.jpg,dog,n02097474_425
n02097474_477.jpg,dog,n02097474_477
n02097474_494.jpg,dog,n02097474_494
n02097474_65.jpg,dog,n02097474_65
n02097474_85.jpg,dog,n02097474_85
n02097474_86.jpg,dog,n02097474_86
n02097658_129.jpg,dog,n02097658_129
n02097658_141.jpg,dog,n02097658_141
n02097658_171.jpg,dog,n02097658_171
n02097658_188.jpg,dog,n02097658_188
n02097658_214.jpg,dog,n02097658_214
n02097658_237.jpg,dog,n02097658_237
n02097658_26.jpg,dog,n02097658_26
n02097658_271.jpg,dog,n02097658_271
n02097658_277.jpg,dog,n02097658_277
n02097658_292.jpg,dog,n02097658_292
n02097658_319.jpg,dog,n02097658_319
n02097658_329.jpg,dog,n02097658_329
n02097658_46.jpg,dog,n02097658_46
n02097658_6.jpg,dog,n02097658_6
n02097658_98.jpg,dog,n02097658_98
n02098105_100.jpg,dog,n02098105_100
n02098105_162.jpg,dog,n02098105_162
n02098105_190.jpg,dog,n02098105_190
n02098105_196.jpg,dog,n02098105_196
n02098105_205.jpg,dog,n02098105_205
n02098105_214.jpg,dog,n02098105_214
n02098105_244.jpg,dog,n02098105_244
n02098105_257.jpg,dog,n02098105_257
n02098105_285.jpg,dog,n02098105_285
n02098105_398.jpg,dog,n02098105_398
n02098105_50.jpg,dog,n02098105_50
n02098105_82.jpg,dog,n02098105_82
n02098105_91.jpg,dog,n02098105_91
n02098105_95.jpg,dog,n02098105_95
n02098105_97.jpg,dog,n02098105_97
n02098286_104.jpg,dog,n02098286_104
n02098286_118.jpg,dog,n02098286_118
n02098286_141.jpg,dog,n02098286_141
n02098286_225.jpg,dog,n02098286_225
n02098286_260.jpg,dog,n02098286_260
n02098286_275.jpg,dog,n02098286_275
n02098286_278.jpg,dog,n02098286_278
n02098286_302.jpg,dog,n02098286_302
n02098286_321.jpg,dog,n02098286_321
n02098286_345.jpg,dog,n02098286_345
n02098286_43.jpg,dog,n02098286_43
n02098286_437.jpg,dog,n02098286_437
n02098286_47.jpg,dog,n02098286_47
n02098286_577.jpg,dog,n02098286_577
n02098286_92.jpg,dog,n02098286_92
n02098413_1279.jpg,dog,n02098413_1279
n02098413_161.jpg,dog,n02098413_161
n02098413_178.jpg,dog,n02098413_178
n02098413_244.jpg,dog,n02098413_244
n02098413_333.jpg,dog,n02098413_333
n02098413_342.jpg,dog,n02098413_342
n02098413_387.jpg,dog,n02098413_387
n02098413_49.jpg,dog,n02098413_49
n02098413_575.jpg,dog,n02098413_575
n02098413_611.jpg,dog,n02098413_611
n02098413_624.jpg,dog,n02098413_624
n02098413_631.jpg,dog,n02098413_631
n02098413_643.jpg,dog,n02098413_643
n02098413_751.jpg,dog,n02098413_751
n02098413_754.jpg,dog,n02098413_754
n02099267_198.jpg,dog,n02099267_198
n02099267_353.jpg,dog,n02099267_353
n02099267_375.jpg,dog,n02099267_375
n02099267_40.jpg,dog,n02099267_40
n02099267_443.jpg,dog,n02099267_443
n02099267_482.jpg,dog,n02099267_482
n02099267_487.jpg,dog,n02099267_487
n02099267_488.jpg,dog,n02099267_488
n02099267_494.jpg,dog,n02099267_494
n02099267_566.jpg,dog,n02099267_566
n02099267_580.jpg,dog,n02099267_580
n02099267_693.jpg,dog,n02099267_693
n02099267_706.jpg,dog,n02099267_706
n02099267_720.jpg,dog,n02099267_720
n02099267_721.jpg,dog,n02099267_721
n02099429_109.jpg,dog,n02099429_109
n02099429_120.jpg,dog,n02099429_120
n02099429_121.jpg,dog,n02099429_121
n02099429_159.jpg,dog,n02099429_159
n02099429_16.jpg,dog,n02099429_16
n02099429_198.jpg,dog,n02099429_198
n02099429_212.jpg,dog,n02099429_212
n02099429_227.jpg,dog,n02099429_227
n02099429_244.jpg,dog,n02099429_244
n02099429_248.jpg,dog,n02099429_248
n02099429_249.jpg,dog,n02099429_249
n02099429_258.jpg,dog,n02099429_258
n02099429_273.jpg,dog,n02099429_273
n02099429_282.jpg,dog,n02099429_282
n02099429_68.jpg,dog,n02099429_68
n02099601_10.jpg,dog,n02099601_10
n02099601_100.jpg,dog,n02099601_100
n02099601_109.jpg,dog,n02099601_109
n02099601_118.jpg,dog,n02099601_118
n02099601_14.jpg,dog,n02099601_14
n02099601_142.jpg,dog,n02099601_142
n02099601_146.jpg,dog,n02099601_146
n02099601_176.jpg,dog,n02099601_176
n02099601_215.jpg,dog,n02099601_215
n02099601_238.jpg,dog,n02099601_238
n02099601_286.jpg,dog,n02099601_286
n02099601_5.jpg,dog,n02099601_5
n02099601_67.jpg,dog,n02099601_67
n02099601_70.jpg,dog,n02099601_70
n02099601_78.jpg,dog,n02099601_78
n02099712_129.jpg,dog,n02099712_129
n02099712_1414.jpg,dog,n02099712_1414
n02099712_209.jpg,dog,n02099712_209
n02099712_221.jpg,dog,n02099712_221
n02099712_311.jpg,dog,n02099712_311
n02099712_357.jpg,dog,n02099712_357
n02099712_365.jpg,dog,n02099712_365
n02099712_384.jpg,dog,n02099712_384
n02099712_389.jpg,dog,n02099712_389
n02099712_475.jpg,dog,n02099712_475
n02099712_490.jpg,dog,n02099712_490
n02099712_511.jpg,dog,n02099712_511
n02099712_57.jpg,dog,n02099712_57
n02099712_607.jpg,dog,n02099712_607
n02099712_610.jpg,dog,n02099712_610
n02099849_110.jpg,dog,n02099849_110
n02099849_130.jpg,dog,n02099849_130
n02099849_140.jpg,dog,n02099849_140
n02099849_171.jpg,dog,n02099849_171
n02099849_193.jpg,dog,n02099849_193
n02099849_2.jpg,dog,n02099849_2
n02099849_216.jpg,dog,n02099849_216
n02099849_253.jpg,dog,n02099849_253
n02099849_263.jpg,dog,n02099849_263
n02099849_264.jpg,dog,n02099849_264
n02099849_3.jpg,dog,n02099849_3
n02099849_31.jpg,dog,n02099849_31
n02099849_43.jpg,dog,n02099849_43
n02099849_463.jpg,dog,n02099849_463
n02099849_68.jpg,dog,n02099849_68
n02100236_111.jpg,dog,n02100236_111
n02100236_156.jpg,dog,n02100236_156
n02100236_185.jpg,dog,n02100236_185
n02100236_239.jpg,dog,n02100236_239
n02100236_250.jpg,dog,n02100236_250
n02100236_295.jpg,dog,n02100236_295
n02100236_304.jpg,dog,n02100236_304
n02100236_308.jpg,dog,n02100236_308
n02100236_311.jpg,dog,n02100236_311
n02100236_320.jpg,dog,n02100236_320
n02100236_334.jpg,dog,n02100236_334
n02100236_396.jpg,dog,n02100236_396
n02100236_44.jpg,dog,n02100236_44
n02100236_453.jpg,dog,n02100236_453
n02100236_556.jpg,dog,n02100236_556
n02100583_12.jpg,dog,n02100583_12
n02100583_125.jpg,dog,n02100583_125
n02100583_18.jpg,dog,n02100583_18
n02100583_216.jpg,dog,n02100583_216
n02100583_220.jpg,dog,n02100583_220
n02100583_264.jpg,dog,n02100583_264
n02100583_453.jpg,dog,n02100583_453
n02100583_473.jpg,dog,n02100583_473
n02100583_516.jpg,dog,n02100583_516
n02100583_543.jpg,dog,n02100583_543
n02100583_66.jpg,dog,n02100583_66
n02100583_702.jpg,dog,n02100583_702
n02100583_81.jpg,dog,n02100583_81
n02100583_830.jpg,dog,n02100583_830
n02100583_854.jpg,dog,n02100583_854
n02100735_1103.jpg,dog,n02100735_1103
n02100735_1117.jpg,dog,n02100735_1117
n02100735_1204.jpg,dog,n02100735_1204
n02100735_216.jpg,dog,n02100735_216
n02100735_292.jpg,dog,n02100735_292
n02100735_3.jpg,dog,n02100735_3
n02100735_4.jpg,dog,n02100735_4
n02100735_523.jpg,dog,n02100735_523
n02100735_568.jpg,dog,n02100735_568
n02100735_634.jpg,dog,n02100735_634
n02100735_721.jpg,dog,n02100735_721
n02100735_748.jpg,dog,n02100735_748
n02100735_861.jpg,dog,n02100735_861
n02100735_920.jpg,dog,n02100735_920
n02100735_993.jpg,dog,n02100735_993
n02100877_102.jpg,dog,n02100877_102
n02100877_123.jpg,dog,n02100877_123
n02100877_131.jpg,dog,n02100877_131
n02100877_14.jpg,dog,n02100877_14
n02100877_151.jpg,dog,n02100877_151
n02100877_156.jpg,dog,n02100877_156
n02100877_172.jpg,dog,n02100877_172
n02100877_18.jpg,dog,n02100877_18
n02100877_185.jpg,dog,n02100877_185
n02100877_229.jpg,dog,n02100877_229
n02100877_239.jpg,dog,n02100877_239
n02100877_257.jpg,dog,n02100877_257
n02100877_648.jpg,dog,n02100877_648
n02100877_71.jpg,dog,n02100877_71
n02100877_92.jpg,dog,n02100877_92
